"gene","value_1","value_2"
"PDH-E1 ALPHA","55.2158","33.7476"
"AT1G01100","274.644","191.684"
"KCS1","15.5951","7.67486"
"AT1G01170","71.3409","20.626"
"AT1G01320","4.94108","20.8581"
"ATGPAT4","14.3859","5.25155"
"PIP1","177.996","80.0485"
"KEA1","2.6907","13.432"
"VAD1","11.354","23.9064"
"MEE63","105.379","64.9252"
"MAT1","71.7334","32.6836"
"BGLU11","4.86654","15.6375"
"AT1G02890","3.1091","8.94593"
"ATGSTF6","6.78411","32.4589"
"PSAD-2","269.799","156.37"
"AT1G03220","44.8303","20.107"
"ATHM1","133.491","90.3858"
"FLA9","46.9941","20.4298"
"ATNAP4","31.7517","13.4784"
"AT1G03910","2.5539","13.1301"
"AXR3","41.4037","17.5553"
"RPS15","224.233","111.263"
"AT1G04350","5.93733","23.0604"
"ATCRY2","7.93818","22.2284"
"AT1G04410","213.433","151.121"
"AT1G04800","216.117","147.092"
"TUA4","71.0675","36.5188"
"emb2394","128.178","72.3667"
"AT1G05270","5.62749","19.1242"
"ATGSL06","2.04642","6.92013"
"ATCTL1","153.929","94.3369"
"AT1G06010","6.36814","0"
"STO","42.3305","17.66"
"ATTPS7","10.3593","20.1244"
"AT1G06630","0","5.97503"
"PSBP-1","1147.18","749.283"
"TIC110","6.04421","17.7667"
"AT1G07080","30.06","7.70443"
"F2KP","5.35377","14.7832"
"RPL4","212.663","131.992"
"AT1G07590","481.775","406.723"
"MT1C","282.132","483.183"
"RPS15A","276.079","118.435"
"AT1G07820","54.2535","17.539"
"AT1G07920","40.3374","23.4486"
"AT1G07930","63.2981","34.7866"
"AT1G07940","36.5828","18.6357"
"AT1G08115","69356.9","35043.5"
"PSAO","2205.44","1116.77"
"PDE166","13.7435","32.4993"
"SIGB","5.86284","17.9535"
"NPQ1","4.69216","16.1434"
"CSD1","166.892","94.4657"
"ERD6","23.1975","11.9913"
"(AT)SRC2","46.1466","22.1444"
"PHYA","6.06884","11.0262"
"AT1G09640","70.1211","31.3445"
"AT1G09690","139.084","92.9115"
"AT1G09750","43.3225","26.2102"
"ATCDC5","3.07562","9.97358"
"ADL6","2.13881","7.11889"
"AT1G10657","5.29182","0"
"AT1G10682","106.126","33.4957"
"GWD","2.38365","14.836"
"ATFD1","233.897","116.652"
"XTH8","25.7403","7.27883"
"ATRBP45B","82.4142","57.1358"
"CYP51G1","37.2833","18.0558"
"AT1G11850","86.7371","38.3251"
"AT1G11860","164.257","220.06"
"AT1G11930","9.38632","29.9471"
"ELP","287.856","149.733"
"CHL1-1","80.2564","48.6275"
"AT1G12440","40.792","10.7454"
"AT1G12672","0","7.61551"
"AT1G12800","2.85468","19.6629"
"GAPA-2","330.624","231.719"
"PP2AA3","12.5407","21.9375"
"AT1G13360","35.7235","8.03932"
"GAPC-2","479.516","300.711"
"AT1G13930","403.889","243.317"
"AT1G13990","4.1206","20.4361"
"AT1G14300","4.45513","0"
"SAC52","280.528","162.823"
"UBC1","59.5893","27.2079"
"AT1G14450","194.371","100.628"
"VALRS","1.89493","8.88025"
"AT1G14740","3.73083","12.764"
"CPN10","92.8618","34.8384"
"AT1G15010","13.5067","0"
"RHA2A","60.0028","20.8657"
"AT1G15290","2.93498","7.59582"
"MBD10","5.78675","21.8242"
"AT1G15405","884.666","1513.17"
"ATNTT2","52.4254","22.1373"
"AVP1","140.195","106.891"
"WSIP1","4.79283","10.3167"
"AT1G15780","1.14669","4.29806"
"LHCB6","1083.11","550.606"
"AT1G15930","131.139","74.5644"
"AT1G16860","18.5556","9.56739"
"AT1G17200","49.9196","15.6114"
"FUG1","15.7882","34.0609"
"AT1G18070","4.50133","14.8759"
"RACK1A","116.654","64.6253"
"AT1G18270","1.4587","5.4214"
"MAML-4","3.86906","13.844"
"AT1G19200","13.7024","0"
"AT1G19660","21.157","47.071"
"AVA-P2","204.222","70.3511"
"AT1G20015","2064.46","0"
"ATLFNR2","70.2199","167.42"
"CVP1","40.069","16.1535"
"DRT112","2142.41","1244.96"
"CAT3","199.957","240.556"
"HMGB3","82.3688","40.5183"
"emb1507","4.36197","11.3461"
"AT1G21130","39.639","21.9659"
"RSH","635.852","315.743"
"AT1G21500","131.812","72.1058"
"AT1G21520","15.5113","0"
"AT1G21580","0.847032","5.63479"
"PTAC6","12.821","25.4547"
"AT1G21630","2.64135","7.32425"
"AT1G21680","19.0495","11.3244"
"14-3-3EPSILON","94.6825","150.416"
"AT1G22410","44.6368","26.4958"
"AT1G22690","455.436","85.3895"
"CYTC-1","58.2295","31.7425"
"AT1G22930","5.4905","13.8234"
"AT1G23130","285.978","160.075"
"RPL27A","200.318","78.9521"
"AT1G23720","37.5055","27.0433"
"IAR4","12.3998","28.8523"
"AT1G24510","17.8786","32.0413"
"KCS5","19.3075","7.52493"
"DCP5","29.4755","20.2374"
"ATPERK10","2.79239","15.8765"
"AT1G26550","124.272","72.9354"
"ELF5A-2","243.22","153.759"
"AT1G27090","53.56","36.0817"
"ATGSTU13","58.9015","20.4265"
"NTF2A","42.4476","13.3639"
"AT1G27330","109.522","27.7774"
"AT1G27695","192.042","110.886"
"DRM1","199.596","71.9228"
"HB-1","0.669474","5.35819"
"AT1G29070","132.192","71.2021"
"SNOR105","2523.09","0"
"AT1G29430","9.03925","0"
"AT1G29470","9.29789","23.8105"
"AT1G29670","38.3338","21.0714"
"AT1G29850","28.6646","54.2894"
"CAB3","2230.67","598.65"
"AB165","1548.29","371.534"
"CAB1","7363.35","2757.83"
"AT1G30230","116.621","81.3174"
"ERD4","29.6994","19.9743"
"PSAK","882.451","562.172"
"ATMRP1","4.13883","9.86475"
"SADHU1-2","0","4.77214"
"GlcNAc1pUT1","2.09707","12.0229"
"AT1G31130","37.6285","8.36952"
"PSAF","1289.63","893.369"
"CXC750","221.6","408.664"
"AT1G31730","3.79495","9.10674"
"ACBP6","588.045","243.122"
"AT1G31910","8.60595","15.5234"
"ATDAD1","115.394","27.654"
"NRT1.5","6.07584","13.5753"
"LOL1","7.49584","0"
"PRPL11","107.058","68.9821"
"PGY2","57.1353","18.9016"
"AT-GTL1","3.78347","9.37377"
"AT1G33811","31.2624","10.016"
"OHP2","74.8554","23.7611"
"AT1G35680","130.605","85.3094"
"PAS3","1.99795","8.03055"
"AT1G36980","88.6256","40.9817"
"NR","168.378","131.955"
"AT1G39110","0","6.30128"
"AT1G40125","0","15.3944"
"AT1G40230","0","9.28219"
"AT1G40310","0","6.08396"
"AT1G41680","0","7.03262"
"SKS6","22.7392","9.68294"
"AT1G41880","136.216","94.1436"
"AT1G42040","0","23.5909"
"AT1G42050","0","31.0099"
"PMI1","7.10662","16.9992"
"AT1G42727","0","4.89346"
"AT1G42960","88.951","51.0326"
"GAPB","394.985","252.838"
"AT1G43690","2.8905","8.74364"
"PSBS","520.71","364.608"
"AT1G45160","1.51335","6.10148"
"AT1G45170","0","8.39767"
"TLL1","46.8672","28.0112"
"RD21","119.826","94.9869"
"AT1G47400","34.5509","0"
"AT1G47970","31.7527","68.2199"
"AT1G48300","31.3708","70.2935"
"RKL1","27.7297","10.1801"
"PMEAMT","10.9089","41.7554"
"ACT8","82.3811","56.3519"
"AT1G49245","9.331","0"
"AT1G49750","15.1305","32.8146"
"PAB8","16.1119","5.72182"
"SVR2","10.4353","28.1876"
"TUA2","116.537","45.7177"
"ACD","9.00615","15.6004"
"FTSH1","37.0356","26.4307"
"HTA10","88.2736","48.6261"
"AT1G51200","95.0159","44.9818"
"AT1G51400","250.68","139.833"
"CER5","32.1113","12.258"
"AT1G51570","31.7479","19.9055"
"AT1G51650","262.293","149.537"
"AT1G52190","24.7102","9.211"
"AT1G52220","159.928","95.4927"
"PSAH2","697.349","552.157"
"AT1G52360","1.767","7.41813"
"HTA9","124.456","61.343"
"AT1G52870","6.2681","22.1445"
"AT1G52980","2.18832","12.4387"
"mMDH1","81.0918","37.979"
"PPC1","13.0229","20.0419"
"AT1G54010","36.221","19.7911"
"AT1G54410","183.254","661.61"
"AT1G54500","97.1001","37.4631"
"AT1G54520","9.79905","20.1275"
"AT1G54575","6.67468","0"
"ACP2","127.536","38.6501"
"ACP3","175.199","64.1735"
"AT1G54920","2.77797","8.15697"
"AGP21","549.101","147.187"
"ATDEK1","1.79426","4.72919"
"AT1G55360","29.2479","17.0395"
"ZKT","24.5081","50.2161"
"LEN1","18.2641","56.8294"
"PSAG","1761.21","852.17"
"ATCSLE1","7.73069","20.9936"
"AT1G55960","15.2404","37.9414"
"AT1G56045","1877.59","357.846"
"LOS1","114.322","77.7378"
"AT1G56220","178.517","127.34"
"ATDI19","201.726","49.2258"
"ATSARA1B","76.7424","36.8667"
"AtCRT1a","11.8516","28.3616"
"SVB","79.5439","49.2245"
"AT1G57680","37.0434","10.9622"
"AT1G57720","82.6391","52.9631"
"AT1G58235","11.3166","0"
"AT1G58602","1.10238","7.1144"
"PDR8","32.6648","44.1088"
"AT1G60070","3.71396","10.2177"
"AT1G60900","3.05872","11.0864"
"FED A","655.884","355.097"
"AT1G61100","2.23162","7.9096"
"LHCA3","878.847","471.387"
"ACO2","101.209","178.742"
"Phox2","6.90302","12.8057"
"ATSCO1","28.555","50.6443"
"AT1G62780","7.63541","40.4475"
"RTNLB3","45.4249","18.1585"
"AT1G64190","14.8598","6.35275"
"UBC28","246.593","93.9824"
"AT1G64500","69.9231","44.6278"
"AT1G64510","196.933","74.8771"
"AT1G64710","29.1019","13.9033"
"CP5","292.748","242.897"
"DSS1(I)","112.273","48.7858"
"mtACP2","105.135","56.924"
"GTB1","3.47875","10.6165"
"FRA3","1.54667","6.9502"
"AT1G65720","158.821","90.0164"
"GAD2","27.1881","43.2959"
"AT1G66260","15.6739","30.4591"
"SAG24","79.4451","39.5119"
"RBCS1A","5632.66","2935.99"
"AT1G67148","0","9.02782"
"AT1G67350","104.335","30.8646"
"KCR1","30.4226","16.6937"
"PSBY","643.445","382.343"
"AT1G67785","758.524","352.251"
"HPR","78.1127","138.153"
"AT1G68238","824.701","257.852"
"AT1G68440","47.1656","25.7917"
"G2","97.1551","52.0531"
"ATXYL1","40.2966","29.9027"
"AT1G68590","193.887","108.26"
"AT1G68945","165.173","65.6415"
"EXP1","178.307","64.7373"
"RPL34","267.679","199.479"
"HEMB1","52.2763","34.6932"
"ATAMY3","6.04652","11.3928"
"GATL9","12.2814","2.31895"
"AT1G70160","20.3846","10.8008"
"UPL2","1.11367","6.43878"
"PG2","26.602","16.238"
"ARFA1D","127.51","78.7395"
"AT1G70600","542.344","386.737"
"MLP28","259.173","183.314"
"MLP34","448.006","144.49"
"FAB1C","1.39416","5.20475"
"AT1G71720","4.59585","13.0292"
"SEC6","2.34659","7.9502"
"AT1G71950","43.0913","13.5982"
"AT1G72020","225.399","92.2761"
"PATL1","26.9564","66.8154"
"P40","119.557","65.0495"
"EDA25","1.97302","5.60444"
"GLP1","369.47","128.112"
"AT1G72645","155.867","41.8919"
"CKL2","10.6714","23.5618"
"ATTIM23-2","37.861","16.8568"
"VPS46.2","27.8882","11.6855"
"ATDR4","242.994","104.822"
"AT1G73600","14.9984","35.6804"
"AT1G73630","6.36166","0"
"AT1G74270","110.819","51.8708"
"AT1G74470","260.686","188.438"
"ATGSTU10","0","6.19642"
"AT1G74670","316.561","115.957"
"RPS9","76.2696","33.2597"
"ATBBD1","26.6776","70.9513"
"STH2","27.9165","12.9374"
"AT1G75560","10.1714","21.8612"
"AVA-P4","135.127","43.5379"
"GASA1","293.977","78.4687"
"ASK1","148.647","55.956"
"AT1G76010","65.2021","30.2664"
"PETE1","133.67","60.1932"
"AT1G76200","326.874","204.888"
"AT1G76440","0","4.19949"
"HMG1","69.1218","35.4474"
"AT1G76810","1.72222","9.62368"
"SEC5A","4.03669","10.8618"
"AT1G77770","5.77212","0"
"AT1G77940","131.816","53.6361"
"AT1G78020","78.0127","26.8356"
"AT1G78040","337.564","159.461"
"ATGSTU20","121.893","75.2551"
"GSTU19","453.31","171.703"
"AT1G78830","44.7208","21.3356"
"AT1G78850","76.6757","32.7823"
"PSBR","6897.39","2145.33"
"AT1G79075","3365.81","648.57"
"AT1G79110","8.94891","21.4414"
"AT1G79245","2.84727","16.676"
"AtMC4","42.2104","22.516"
"ATNADP-ME4","12.7775","20.0164"
"CS17","306.327","154.242"
"AT1G79970","20.3306","5.34621"
"SUS2","2.61715","10.0739"
"AT1G80245","0","8.16783"
"AT1G80930","2.71479","17.7939"
"AT2G01008","7.48227","27.1869"
"AT2G01021","281560","3.45E+06"
"QPT","12.0397","25.8582"
"MLP328","72.5305","31.4413"
"RGA1","25.6552","15.5423"
"LCR69","465.244","230.117"
"PDF2.3","246.046","96.4199"
"AT2G02205","0","12.3371"
"AT2G02510","165.253","63.9493"
"AT2G03390","2.09971","24.725"
"ATPI4K GAMMA 7","10.9433","5.03702"
"HSP90.5","8.92569","19.7972"
"AT2G04400","6.32715","20.603"
"LHCB2","335.593","107.633"
"LHCB2.1","544.614","166.268"
"GRP3S","2735.82","1502.53"
"GRP9","373.072","60.8474"
"AT2G05510","212.496","50.4998"
"AT2G05540","88.1116","19.1052"
"PGR5","69.0913","37.2117"
"AT2G05914","0","14.9673"
"AT2G05915","0","61.55"
"MOD1","28.9789","15.7352"
"PSBX","1261.39","757.369"
"AT2G06562","0","8.99817"
"EXGT-A1","273.683","107.451"
"CAS1","7.51639","14.5683"
"AT2G07717","2.38266","10.4536"
"AT2G07783","30.9579","17.074"
"AT2G09990","49.7036","23.5246"
"SADHU1-1","61.6187","31.675"
"AT2G10490","0","4.96002"
"AT2G10940","370.089","217.041"
"AT2G11240","1.42266","7.72344"
"AT2G11910","177.225","96.2383"
"AGT1","374.414","170.127"
"NAD-ME1","13.1738","23.8776"
"AT2G14830","0","6.24002"
"AGP9","169.239","107.261"
"AT2G14910","38.46","22.3326"
"AT2G15020","18.2809","8.50242"
"CYP40","3.05904","15.6652"
"AT2G15810","0","5.01353"
"AT2G15960","350.364","80.6521"
"COR413-PM1","135.691","69.998"
"ARGDC","35.9325","16.9076"
"AT2G16586","1009.36","2887.83"
"ROC3","244.792","161.419"
"TOC132","2.59245","7.26026"
"AT2G16940","3.87176","16.9997"
"anac036","0","5.98915"
"AT2G17360","113.692","51.557"
"EMB2296","315.644","156.698"
"CPuORF1","32.8898","16.4164"
"AT2G18300","4.3764","14.1275"
"GUT15","27.3032","57.1425"
"PNP-A","0","9.0939"
"NFA2","15.8692","29.2343"
"ATMSI4","5.01192","12.3526"
"AT2G19582","7.31734","0"
"PFN1","141.002","35.7039"
"AT2G20050","2.2259","7.81284"
"AT2G20420","16.2449","27.533"
"AT2G20515","9.92552","0"
"GPRI1","45.2322","30.2728"
"PIA1","3.98129","21.8482"
"AT2G20670","33.4875","14.2221"
"AT2G20724","121.633","27.5562"
"LIP1","34.4185","17.2904"
"EPF1","19.9109","0"
"PSB29","178.928","97.552"
"ATPRP2","22.065","7.68177"
"AT2G21210","55.8121","19.7603"
"AT2G21300","1.44878","7.06402"
"FBA1","350.137","188.803"
"VHA-A2","4.43934","11.9052"
"CCR2","1614.44","983.852"
"CSI1","6.22278","9.99556"
"AT2G22170","66.3797","24.9983"
"AT2G22400","1.6402","10.6505"
"AGP2","62.1568","28.8025"
"ATNIC1","5.45241","0"
"AT2G22660","5.13188","14.2944"
"SCPL8","79.7716","43.9803"
"AT2G23090","697.4","276.147"
"AT2G24090","340.961","84.0851"
"HHP3","32.7651","11.3453"
"ATCOL3","87.8888","41.5653"
"AT2G24980","14.2102","6.77751"
"AT2G25210","427.584","151.563"
"AT2G25430","39.318","20.2636"
"AT2G25450","45.886","66.3522"
"EBF1","25.6483","11.97"
"AT2G25510","34.7968","283.948"
"AT2G25520","45.9174","22.2716"
"AT2G25650","3.47762","19.0136"
"AT2G25670","9.21745","18.9414"
"AT2G25735","7.65187","0"
"AT2G25760","1.31012","9.55909"
"AtGLDP2","41.3025","57.1982"
"KCS10","56.0861","35.9658"
"AT2G26500","946.86","441.715"
"GRV2","1.52185","5.24324"
"PDR4","7.03998","12.4155"
"AT2G27385","145.759","89.0843"
"ATFD3","56.2817","26.7354"
"PGY1","128.319","66.2869"
"AT2G27710","171.389","77.7766"
"AT2G27720","223.609","103.866"
"AT2G27730","64.7068","27.4541"
"PD1","24.1052","6.22638"
"AT2G28370","31.6521","6.89752"
"BGAL8","4.37323","13.7081"
"AT2G28670","14.0053","4.5381"
"ALB3","29.7685","45.4009"
"XBAT31","50.049","29.8575"
"CXIP4","95.3317","139.773"
"AT2G29180","61.2543","19.9651"
"AT2G29290","13.6081","29.495"
"THIC","21.1191","38.1312"
"PSBW","840.999","523.734"
"ATGSTF9","291.665","218.902"
"AT2G31040","10.4039","25.2446"
"AT2G31141","89.8954","160.066"
"ATGPX2","39.621","15.3836"
"AT2G31610","68.2317","41.5019"
"AT2G31810","5.46466","17.615"
"ATGSL3","1.88992","5.46659"
"AT2G32060","121.051","38.379"
"AT2G32090","35.7785","11.4744"
"PRORP1","13.3122","26.8108"
"ZIP3","6.19738","0"
"AT2G32487","15.5643","0"
"GRP23","1109.61","450.387"
"LUH","3.88408","13.2083"
"ATVAMP722","30.6817","10.9148"
"AT2G33370","73.0093","36.3562"
"DAL1","58.2222","30.5049"
"AT2G33450","83.1191","144.278"
"AT2G33830","285.106","95.46"
"LHCB1.5","1677.37","706.806"
"LHB1B1","717.427","279.842"
"AT2G34585","296.748","52.6717"
"AT2G34590","33.8054","17.8089"
"MRP2","1.91139","4.77628"
"AT2G35260","31.1456","55.1346"
"LEA18","0","10.6576"
"AT2G35330","1.91336","9.41909"
"UBQ7","67.0035","28.7963"
"AT2G35750","1531.13","943.265"
"NHL12","45.4418","19.8253"
"MMZ3","58.9392","20.3979"
"DOT1","697.48","580.53"
"AT2G36160","163.5","45.9256"
"AT2G36170","98.9748","60.3351"
"AT2G36220","20.514","4.86319"
"AT2G36320","33.152","13.5105"
"PDR6","2.33124","6.05075"
"LOS2","95.468","68.2274"
"AT2G36570","12.3666","4.3987"
"GAMMA-TIP","149.221","104.548"
"ATGSL08","2.16041","5.74577"
"MAT3","106.711","52.0591"
"PGP1","3.10656","9.51542"
"AT2G37130","57.2354","24.1417"
"PIP2B","98.5474","51.2315"
"AT2G37190","119.262","72.0195"
"AT2G37220","332.451","159.223"
"RPS5B","52.23","26.1285"
"RS2Z33","26.484","8.24905"
"TIM17-2","44.4294","22.7214"
"ATEXPA3","57.3388","24.7021"
"AT2G37660","57.8212","81.8111"
"CAC3","7.03477","17.6104"
"PSRP4","266.01","138.406"
"AT2G38380","21.5062","6.8654"
"AT2G38390","21.6247","4.2472"
"LP1","1334.31","509.574"
"ANNAT3","0","7.3229"
"ATPT2","9.11127","0"
"PIP2E","123.788","64.9738"
"ATRPL23A","174.64","123.161"
"AT2G39518","5.09399","0"
"GMP1","51.162","22.952"
"ATP5CS","11.7732","19.2679"
"EXP8","40.9835","21.5422"
"DPE2","4.31031","8.71929"
"AT2G41090","10.4127","104.511"
"GLU2","2.84172","6.77511"
"AT2G41420","48.2464","16.5814"
"ATSFGH","37.7135","18.821"
"NTRC","10.6565","26.0977"
"AT2G41780","7.78915","0"
"AT2G41840","241.7","107.839"
"AT2G42220","70.5655","131.651"
"AT2G42310","78.7907","38.5542"
"COR15","0","5.26257"
"ATPPC2","37.6927","58.8859"
"PDF1","213.623","138.339"
"ATMPK20","4.96201","14.5213"
"AT2G43030","165.1","81.511"
"IPMI2","44.373","20.0129"
"AT2G43460","546.941","178.813"
"AT2G43620","0","7.61001"
"IQD14","8.63763","22.5083"
"AT2G44060","35.1002","64.0721"
"AT2G44310","112.682","38.1328"
"BGLU26","11.177","22.3827"
"UCC2","42.4776","13.457"
"AT2G45180","2561.15","532.981"
"SAP18","49.9618","21.6126"
"AT2G45820","33.3113","118.57"
"PIP1","367.425","283.187"
"AT2G46220","50.7672","26.7206"
"AGP16","140.617","73.4777"
"PSAP","451.346","210.792"
"CCA1","2.78102","10.6991"
"CER8","6.79593","15.1612"
"UPB1","7.89296","0"
"AT2G47390","4.27855","16.2634"
"CP12-1","744.352","504.133"
"CAO","217.615","114.672"
"UXS4","20.0537","9.33682"
"AT2G47690","100.864","39.141"
"SCC3","2.49441","9.09147"
"AT2G48160","2.01456","4.96318"
"AT3G01310","2.62495","8.88108"
"AT3G01345","0","29.3568"
"ATCFM2","2.08304","8.71751"
"CA1","614.325","538.88"
"AT3G01520","53.7095","22.9485"
"SRG3","27.4621","10.3906"
"AT3G02080","168.848","91.0083"
"RGP1","51.2228","26.9984"
"CPuORF9,SAMDC","342.508","176.808"
"RAD23-3","6.05139","13.1047"
"TRXF1","170.142","85.32"
"AT3G02760","4.41656","10.3843"
"AT3G03150","63.4944","28.4642"
"AT3G03270","38.2272","7.30301"
"RIF10","4.0509","10.5417"
"AT3G03920","81.4523","34.299"
"GAPC","201.887","118.151"
"PTAC3","1.73048","10.8072"
"ATLTL1","33.1702","12.2518"
"emb2458","1.09094","8.94943"
"emb2171","590.857","181.64"
"AT3G04550","49.0721","31.0034"
"AT3G04790","151.816","56.9131"
"AT3G04840","185.347","80.1097"
"PDE181","5.66946","15.2538"
"WNK1","5.58474","20.4649"
"AT3G05220","43.2613","64.3051"
"AT3G05270","0","6.22836"
"RPL18","169.876","50.4583"
"AT3G05730","722.181","270.247"
"RCI2A","230.991","121.247"
"AT3G06125","84.847","11.0982"
"AT3G06390","58.1367","8.90661"
"CHR11","1.99661","10.1089"
"AT3G06700","287.623","177.779"
"MFP2","5.44697","11.6391"
"AT3G06895","9821.85","2149.62"
"U4.2","383.119","62.4692"
"AT3G06980","3.87355","10.9948"
"AT3G07215","29.5579","9.11737"
"APM2","82.9059","34.266"
"OBE1","6.00756","22.2028"
"AT3G07810","12.6838","5.04685"
"AT3G08030","33.9959","19.0807"
"AAc1","283.521","127.85"
"AT3G08610","372.247","214.804"
"AT3G08640","33.6564","15.3438"
"AT3G08680","12.5554","6.07763"
"LHCB4.2","794.107","451.648"
"AT3G09200","159.015","115.195"
"BGLU23","337.113","186.017"
"ATMT-K","718.991","442.189"
"AT3G09500","269.296","180.931"
"ADK1","71.7607","37.4182"
"ATCDC48","67.313","52.3269"
"AT3G09860","140.27","47.0364"
"AT3G10090","106.422","21.2716"
"AT3G10860","405.738","219.508"
"SAG20","49.6853","11.5994"
"AT3G11120","749.905","223.682"
"AT3G11130","7.37054","13.2834"
"AT3G11500","22.5714","0"
"AT3G11510","310.836","117.361"
"AT3G11560","3.18077","12.6362"
"AT3G11630","170.208","124.205"
"NHL1","37.3149","13.7681"
"ATKRS-1","6.42054","18.1139"
"AT3G11930","232.911","156.253"
"FAD2","270.863","132.701"
"AT3G12345","101.01","46.6017"
"AT3G12630","57.0745","26.8653"
"AT3G12965","534.984","207.724"
"SAT-A","52.3657","28.4956"
"VCS","3.07687","6.2601"
"ECT2","49.1989","30.6165"
"AGP12","235.462","99.9154"
"AT3G13690","2.44252","8.97667"
"RHD3","6.25802","20.641"
"TIF4A1","113.363","63.461"
"AT3G14240","19.1737","9.22114"
"CYP72A13","14.1564","24.071"
"MEE35","7.16785","1.49401"
"AT3G15190","220.777","85.3828"
"MT3","1402.39","720.198"
"AT3G15630","56.1274","15.3271"
"AT3G15640","37.1229","14.8981"
"PIFI","29.3812","67.3065"
"NAI2","7.94777","30.3524"
"AT3G16080","159.394","94.0373"
"PSAH-1","791.054","351.757"
"DELTA-TIP1","429.179","117.146"
"EMB2083","2.18359","9.42681"
"AT3G16370","112.174","68.5601"
"NSP1","111.363","43.463"
"PBP1","217.946","116.339"
"AT3G16450","142.664","47.2492"
"AT3G16460","55.9249","40.0035"
"UGT88A1","47.0665","22.8068"
"RALF23","96.1404","15.9767"
"TCTP","1361.97","399.704"
"AT3G16660","161.224","26.729"
"AT3G16670","91.5459","20.5478"
"AT3G16700","0","4.52098"
"RAP2.3","195.896","147.027"
"RFC3","10.6205","40.2344"
"ATHS1","182.061","68.6555"
"MTO3","125.741","61.3132"
"PAP17","29.4507","8.23599"
"AT3G17930","16.7696","53.7488"
"HON4","3.42871","14.6951"
"BGLU44","31.9666","50.6515"
"BTS","2.6257","6.45908"
"EMB1865","7.22537","20.4546"
"AT3G18740","291.83","109.085"
"LSR2","171.521","95.2903"
"ATZNMP","10.2652","21.34"
"AT3G19340","3.35505","14.9973"
"ARC5","1.79892","7.09137"
"DIM1","74.9935","50.3492"
"GRP5","128.68","72.8301"
"AT3G20760","20.4771","9.09905"
"AGP40","12.4424","0"
"PSBTN","1678","712.537"
"ABCC8","1.43639","6.41447"
"CWLP","124.015","61.5552"
"AT3G22142","1.67833","6.18119"
"AT3G22230","391.94","263.931"
"AT3G22235","0","14.6657"
"TIC","10.2619","19.6625"
"APS1","97.659","68.2958"
"PKP1","94.1973","56.425"
"IAA2","7.6213","35.1234"
"AT3G23390","232.79","154.151"
"FIB4","64.5894","36.0794"
"AT3G23450","194.724","315.786"
"HGL1","2.22125","6.37368"
"SAHH2","47.3401","30.8176"
"GAE6","42.5031","24.2664"
"HSP60-3B","7.45073","15.6145"
"AT3G24080","3.2674","26.5034"
"PMP","55.4101","33.8197"
"AT3G24180","1.86243","6.36033"
"AT3G24615","13722.4","4187.78"
"AT3G24830","300.702","169.146"
"ROF1","4.36573","13.5452"
"CHUP1","2.74039","25.5334"
"AT3G25840","2.70773","9.2723"
"LTA2","37.4819","12.2354"
"RPL15","132.581","75.2706"
"ATPRX Q","128.384","72.6421"
"AT3G26100","3.46812","10.118"
"AT3G26430,ATRZ-1A","23.3283","7.70371"
"AT3G26450","34.9092","59.6812"
"TIP1","408.372","214.121"
"AT3G26580","35.984","77.4011"
"GAPA","576.086","351.923"
"AT3G26720","2.54403","7.24398"
"AT3G26730","3.19813","9.68734"
"CCL","331.19","250.082"
"GHS1","172.535","113.914"
"LHCB2.4","150.699","106.857"
"AT3G28200","42.44","20.0563"
"AT3G28550","47.3751","32.2984"
"AtHB34","20.2524","8.81684"
"AT3G29130","6.4436","0"
"AT3G29185","6.33969","23.6078"
"AT3G29240","124.656","80.0116"
"AT3G29320","2.39623","15.4178"
"AT3G30390","75.121","43.1538"
"AT3G30620","0","9.31708"
"ATPOX","17.694","8.79732"
"AT3G32240","0","5.76883"
"AT3G32880","0","4.9621"
"AT3G32980","119.434","55.9244"
"AT3G32990","6.64638","15.5144"
"AT3G33073","0","18.2412"
"AT3G41768","7590.31","11961.3"
"AT3G42716","0","9.83418"
"AT3G42719","0","14.3933"
"AT3G42720","0","19.1423"
"JAZ11","0","4.83822"
"AT3G43720","87.3854","30.3859"
"AT3G44010","536.678","156.831"
"AT3G44215","0","4.81697"
"AT3G45030","65.8244","34.0932"
"LOX2","9.60186","29.5757"
"TET3","48.1658","12.0095"
"NPH1","11.2218","20.633"
"HTB11","78.4176","25.2175"
"AT3G46320","29.573","0"
"AT3G46430","88.6678","43.8267"
"AT3G46487","0","5.53585"
"AT3G46490","5.68905","0"
"ATPHS2","10.058","24.4844"
"AT3G47070","327.787","189.095"
"ATPS3","30.5251","12.6461"
"LHCA4","1121.2","800.967"
"TCP14","23.2949","13.0337"
"AT3G47650","171.629","38.6478"
"AT3G48140","214.676","105.706"
"BT2","20.4232","37.1417"
"AT3G48420","10.2822","24.7346"
"CSR1","169.045","87.9784"
"CXE12","20.5872","37.2381"
"SWEET11","58.2309","33.0688"
"AT3G48800","8.52286","0"
"HSP93-III","10.9606","22.314"
"EMB1080","106.191","66.1168"
"AT3G48990","53.6079","40.7258"
"AT3G49140","3.06181","14.6293"
"AT3G49560","11.3019","25.3641"
"AT3G49601","3.40155","13.9521"
"ATARLA1C","42.6867","21.4419"
"ATVDAC5","0","4.81809"
"LBD38","36.0842","13.9904"
"AT3G50370","1.85288","5.70307"
"AT3G50685","80.2897","36.09"
"UGT72E1","58.7766","13.7312"
"PSBO2","238.398","188.606"
"AT3G50920","4.62794","0"
"ZAR1","1.89407","10.7377"
"MUR1","18.4344","8.42234"
"FER","20.3328","13.0974"
"LTP5","619.159","327.496"
"AT3G51660","16.2068","0"
"AT3G51950","2.7608","10.7709"
"AT3G52140","2.62125","8.21629"
"AT3G52230","101.297","35.6887"
"UEV1D-4","91.9554","29.3825"
"UBQ1","467.253","290.391"
"AT3G52730","133.438","63.0916"
"AT3G52800","43.7697","19.7331"
"ATELP1","6.49379","13.6495"
"AT3G52930","129.069","68.5403"
"PIP2","290.725","112.173"
"CP29","307.798","161.658"
"AT3G53630","16.563","2.6478"
"AT3G53730","86.2324","33.3204"
"AT3G53890","134.033","73.5859"
"SIGC","3.04293","14.4309"
"AT3G53990","74.9445","32.1999"
"HCEF1","102.939","136.616"
"AT3G54210","262.821","196.361"
"SUA","1.51933","5.74864"
"AT3G54400","53.0561","35.9024"
"AT3G54500","2.45886","15.6492"
"AT3G54580","47.8783","29.8964"
"ATHRGP1","40.6321","20.6522"
"AT3G54760","1.83169","9.26051"
"LHCA1","1108.96","660.908"
"ATCTIMC","186.117","131.005"
"At-SCL30","25.4492","9.55197"
"AT3G55485","188.954","109.643"
"AT3G55750","77.8407","45.4538"
"SBPASE","73.8047","127.62"
"AT3G56020","4891.13","781.828"
"FER3","36.0354","16.6814"
"ATTIF3C1","15.4284","25.3449"
"CCH","119.647","59.2948"
"AT3G56340","95.3364","49.9104"
"AT3G56360","195.139","92.3311"
"AT3G56460","8.5861","18.0571"
"CAM3","112.006","64.4638"
"PSRP5","314.515","144.416"
"ACSF","196.36","150.244"
"AT3G57020","23.1195","3.5964"
"PP2A-4","35.5775","21.7468"
"AT3G58610","69.999","37.7388"
"AT3G58730","75.4529","23.0123"
"AT3G59540","600.908","170.753"
"AT3G59780","5.11383","13.5251"
"EIF4G","3.15923","6.42847"
"AT3G60245","550.893","352.375"
"AT3G60750","167.9","202.76"
"ARS27A","386.018","150.591"
"AT3G61260","18.3287","40.224"
"CYSC1","75.9153","119.076"
"LHCA2","1025.31","661.296"
"AT3G61580","44.6633","27.4178"
"AT3G61820","22.3063","6.87825"
"ATARFA1E","417.449","213.947"
"CP12","115.507","203.826"
"AT3G62530","86.1954","39.0809"
"ABCC14","4.61883","11.6804"
"CSP41A","106.868","78.8398"
"AT3G63160","976.051","798.065"
"MARD1","16.5535","6.88276"
"CCD1","10.265","26.6079"
"AT3G63540","417.024","162.896"
"CYP86A2","63.5159","26.1507"
"GPAT8","16.4199","3.5673"
"TMP-C","86.0011","51.6415"
"KEA2","3.11031","6.55375"
"AT4G00810","143.396","79.7584"
"GT72B1","29.9091","12.7592"
"SECA1","4.63555","25.4273"
"AT4G01870","28.9711","17.8804"
"ASAR1","79.3256","45.0785"
"RSH1","1.46219","8.9225"
"SAG21","156.173","64.273"
"TOC160","17.4372","28.796"
"ATCUL1","6.13116","18.1169"
"AT4G02620","200.344","91.6272"
"PSAD-1","946.331","441.29"
"AT4G02920","16.0782","36.7641"
"AT4G03030","34.7754","17.9894"
"AT4G03410","0","4.99836"
"ATHM2","180.787","126.053"
"AT4G03860","0","5.49376"
"AT4G03865","0","7.53971"
"LAF6","19.0558","38.4146"
"ATMSRB6","23.8639","0"
"UBQ11","113.584","57.4234"
"AT4G05505","0","5.69677"
"AT4G06477","4155.24","665.236"
"AT4G06484","0","7.40529"
"AT4G06506","0","5.1135"
"AT4G06530","0","20.2341"
"AT4G06531","0","13.6111"
"AT4G06615","0","26.8165"
"AT4G06718","0","24.3611"
"AT4G07942","0","7.66678"
"AT4G07990","0","8.38455"
"AT4G08016","0","11.4069"
"AT4G08091","0","17.3692"
"AT4G08230","64.7046","30.6452"
"GTA02","4.5196","8.84784"
"AT4G08593","0","8.12832"
"SAH7","46.5741","9.24874"
"AT4G08850","3.79186","8.73011"
"GRF1","139.941","99.942"
"AT4G09150","0.959418","5.86182"
"NDPK1","187.577","90.3586"
"ATPD","342.74","282.983"
"RPS18C","115.977","57.6912"
"AT4G10060","2.76012","11.3779"
"ATSPS4F","1.3364","12.6088"
"LHCB5","914.137","683.121"
"AT4G10480","52.3718","89.7249"
"NDPK3","52.0216","30.7527"
"AT4G11160","1.43798","7.46611"
"AT4G11211","125.888","30.8805"
"TOPP7","19.9602","8.28622"
"AT4G11320","95.7284","41.6604"
"ATEIF3A-1","1.922","10.5861"
"AT4G12600","55.6043","22.1674"
"PSAL","1304.61","694.834"
"ENODL19","68.9665","28.8231"
"AT4G12990","8.0068","0"
"EDA21","61.9492","0"
"NYC1","9.30261","23.714"
"AT4G13390","32.0734","11.3994"
"DVL10","47.7023","0"
"IIL1","34.1076","49.6161"
"SMAP1","180.888","88.1619"
"CYP83A1","56.1738","29.1438"
"AT4G13840","73.6825","45.8225"
"GR-RBP2","145.847","90.3731"
"SHM4","59.6295","35.6513"
"HOG1","261.335","94.2076"
"EDA38","45.0047","17.8763"
"AAE15","2.3183","9.41282"
"AT4G14320","351.35","155.462"
"AT4G14385","0","7.4764"
"ECHIB","36.3801","14.5242"
"FdC2","118.178","33.0312"
"TUA6","147.271","53.0769"
"AT4G15000","294.631","208.865"
"PPDK","6.01531","11.8864"
"AT4G15930","28.8782","58.2162"
"IMPA-2","22.4142","12.769"
"ATOPT3","34.8964","17.8894"
"AT4G16450","123.191","75.0045"
"AT4G16720","168.954","85.7705"
"AT4G16840","10.9353","0"
"AT4G16980","453.509","206.102"
"RLM3","5.71336","19.2518"
"CLPR4","20.1683","38.7574"
"BMY8","16.3089","47.2905"
"AT4G17245","114.781","18.2479"
"ATG2484-1","1.05237","5.94895"
"TIP2","78.4604","45.4793"
"AT4G17390","123.132","77.0033"
"AT4G18100","295.438","158.359"
"AT4G18280","5.52804","0"
"BIN2","34.8089","15.0264"
"AT4G18810","7.16955","15.1871"
"NCED4","41.4914","27.3968"
"AT4G19200","90.1447","24.0054"
"AK-HSDH","3.66732","10.7906"
"AT4G20150","148.056","83.336"
"ATRAB8D","704.088","336.903"
"SMB","14.152","4.33299"
"TPP2","3.3233","10.6504"
"AT4G21105","209.242","92.9819"
"AT4G21620","331.175","144.364"
"AT4G21660","4.26799","14.4018"
"ATML1","4.72302","10.5754"
"MSRB9","40.0831","13.3414"
"AT4G22190","29.1012","9.23403"
"AT4G22212","113.636","53.788"
"AT4G22485","22.8649","38.0976"
"AT4G22505","16.9404","30.6382"
"AT4G22517","79.4206","35.2056"
"PIP1D","106.834","34.6364"
"AT4G23420","158.937","75.9445"
"AT4G23670","239.877","491.446"
"LACS4","8.88244","22.5298"
"AtHsp90.7","6.00658","33.3255"
"cpHsc70-1","11.1678","19.9962"
"ATRBP31","266.944","189.901"
"AT4G24780","35.2094","20.1353"
"AT4G24920","157.282","65.5853"
"ACP4","271.829","148.401"
"FSD1","84.9048","58.8682"
"AT4G25225","11.9475","0"
"AT4G25270","0","5.9643"
"ACYB-2","109.109","61.3735"
"ACD1-LIKE","12.884","26.7948"
"AT4G26010","24.7707","6.80694"
"NAP1","7.73194","19.0586"
"AT4G26530","61.7487","30.7983"
"AT4G26630","2.74479","18.0024"
"SUM1","65.9471","33.612"
"VTC2","57.8061","27.4829"
"ATRBP45C","33.5973","17.1695"
"AT4G27090","255.678","156.01"
"AT4G27120","0","6.36984"
"CIP7","1.5921","7.54376"
"PPI1","6.77878","17.8418"
"ENODL2","103.462","48.1785"
"NARA5","26.4315","12.3901"
"AT4G27657","12.6477","0"
"AT4G28080","3.88327","19.7882"
"PSB28","130.724","56.6763"
"AT4G28703","6.37902","0"
"PSAE-1","750.688","517.199"
"AT4G29020","521.165","186.275"
"emb2726","15.4531","51.7484"
"PFN2","232.214","104.776"
"AT4G29905","160.892","54.6939"
"AT4G30010","123.003","50.633"
"AT4G30100","1.6468","4.9588"
"CDEF1","10.2323","29.6735"
"RUXF","107.52","24.7796"
"GAE1","44.5459","16.2717"
"AT4G30460","52.4063","23.4649"
"AT4G30600","6.73704","15.2333"
"AT4G30650","122.876","47.8784"
"CIPK6","81.4002","52.2191"
"RPS6","115.529","70.5064"
"AT4G31985","1347.72","596.289"
"AT4G32020","75.5487","36.5852"
"VAMP711","50.885","18.4911"
"AT4G32260","406.219","233.107"
"LUG","1.87353","6.95034"
"AtGLDP1","86.0572","123.823"
"AT4G33080","3.76597","12.335"
"PME44","14.7757","7.41482"
"AT4G33550","10.505","0"
"AGD2","8.1365","18.0574"
"AT4G33865","1221.53","382.753"
"UGT73B2","4.49731","13.8221"
"1-Sep","184.848","105.974"
"EDA9","30.5749","14.0693"
"AT4G34215","22.7669","3.90072"
"SSR16","741.654","316.399"
"AT4G34670","104.079","59.5479"
"ATADC2","103.03","36.2151"
"ATVHA-C1","195.509","87.4942"
"ROC5","241.8","149.813"
"AT4G34881","134.116","35.6864"
"SLP2","25.4032","9.76479"
"CAT2","228.925","184.493"
"PIP2","311.848","159.888"
"BSK1","11.9249","23.0111"
"AT4G35750","56.3274","32.5083"
"AT4G35760","11.2979","27.9447"
"NRPB1","2.45426","7.1881"
"AT4G36040","105.339","64.0923"
"ATU2AF65A","8.27913","16.7256"
"AT4G36980","1.3845","15.9469"
"CYP81F4","67.7361","24.2585"
"AT4G37510","19.6267","9.29776"
"XTH7","275.085","107.153"
"PEPCK","28.1355","16.7103"
"STM","95.9874","178.31"
"CAD7","25.68","7.28783"
"AT4G38080","95.0943","16.8599"
"AT4G38250","38.3089","17.0289"
"CSDP2","171.205","109.132"
"AT4G38690","14.7491","5.24724"
"ROC1","94.4361","48.9069"
"PRP4","211.886","141.78"
"AT4G38860","110.871","41.8506"
"ATVHA-C3","170.315","68.3018"
"FBA2","469.36","290.127"
"RD19","121.931","79.7766"
"AT4G39200","297.76","134.559"
"AT4G39363","11179","2135.87"
"SAMT1","6.65223","18.586"
"AT4G39680","3.335","10.7187"
"AT4G39795","6.56972","0"
"MIPS1","51.0444","32.7075"
"AT4G40030","132.678","91.64"
"AT4G40040","237.514","87.3748"
"ATHB16","29.6882","11.7899"
"AT5G01075","43.8137","0"
"LHCB4.1","784.322","562.647"
"AT5G01590","8.33536","17.1829"
"AT5G01750","31.4838","66.2025"
"AT5G02090","9.20913","0"
"AT5G02160","216.951","137.913"
"MT2B","1868.74","820.38"
"AT5G02450","184.174","104.79"
"HSP70-1","445.637","273.265"
"AT5G02580","9.94031","0"
"GSTL3","19.9103","53.4021"
"AT5G02960","374.3","160.034"
"CKR1","5.20492","9.55112"
"ATIPS2","340.987","52.6012"
"SBE2.2","4.26527","9.88073"
"AT5G03850","242.411","105.591"
"AT5G03900","3.17371","11.0389"
"CPSRP54","4.62934","17.8525"
"FD-GOGAT","24.2492","75.266"
"KTF1","1.11023","5.21373"
"AT5G04750","16.333","54.8574"
"AT5G04800","79.4846","42.0505"
"AT5G04810","5.87224","15.4031"
"AT5G04920","8.09954","18.9087"
"AT5G05370","146.851","54.8597"
"AT5G05710","6.65573","0"
"AT5G06640","17.0205","8.14501"
"AT5G07020","66.5803","31.5209"
"AT5G07090","111.063","79.5801"
"AT5G07322","126.947","25.2143"
"Tudor1","5.86048","13.3168"
"YLS8","85.3771","48.9108"
"AT5G08450","1.70894","8.01989"
"AT5G08690","58.2085","40.9517"
"AT5G09445","11.6924","0"
"AT5G09480","7.06385","0"
"ACT7","91.0708","55.6792"
"AT5G09880","4.29937","17.1334"
"FLF","4.5358","0"
"AT5G10340","0","13.1903"
"RPS6B","96.8663","50.3516"
"AFT1","158.765","69.8483"
"AT5G10860","114.816","62.0088"
"AT5G11450","33.6646","12.2956"
"AT5G11500","20.2925","38.5694"
"AGP15","358.343","88.7791"
"AT5G11770","52.9705","32.9112"
"CYS1","137.43","54.8547"
"AT5G12150","11.3127","19.8666"
"TUB6","61.1037","38.475"
"DiT1","108.62","74.724"
"AT5G12940","8.85417","0"
"AT5G13140","28.7783","11.9468"
"AT5G13430","19.4972","8.8932"
"AT5G13440","35.3013","19.5447"
"CCH1","43.382","55.2049"
"TT4","17.7523","3.21915"
"PHT3","104.155","42.1429"
"AT5G14120","54.7255","21.0019"
"AT5G14320","260.939","132.783"
"AT5G14370","4.34994","17.7594"
"AT5G14410","16.4822","0"
"FDH","45.7986","71.514"
"AT5G15200","268.194","191.094"
"GASA4","173.741","82.4653"
"AT5G15320","90.4989","35.0183"
"AtENODL17","58.5095","35.1433"
"AT5G15360","0","9.30663"
"DND1","21.8215","13.6801"
"APG6","3.10168","11.0491"
"AT5G15780","110.6","68.0102"
"AT5G16010","48.1593","17.0723"
"AT5G16110","60.7153","31.0502"
"PGLCT","24.6428","38.9099"
"AT5G16470","108.263","64.0972"
"AT5G16660","77.6628","34.0732"
"AT5G16880","5.12842","16.0699"
"ENH1","20.7408","52.7683"
"AT5G17600","8.12687","0"
"AT5G17820","34.292","9.14214"
"PSRP6","283.666","136.419"
"ATMETS","207.595","142.777"
"GDH1","7.5153","22.6638"
"AT5G18380","411.808","129.735"
"CPSAR1","11.9985","22.999"
"AT5G18800","80.0487","40.2012"
"AT5G19120","61.3931","20.1074"
"ATAILP1","77.0121","49.6584"
"ADG2","7.55107","25.9823"
"AT5G19250","76.1828","27.6068"
"AT5G19510","188.228","56.2957"
"AT5G19800","0","26.4219"
"AT5G19860","57.6148","20.7323"
"AT5G19940","141.294","58.1356"
"AT5G20090","54.2517","25.2834"
"AT5G20160","75.1863","14.4814"
"DIN10","46.6432","24.7966"
"SPS1F","3.64528","11.5583"
"AT5G20290","398.614","229.007"
"GLP3A","424.892","124.547"
"AT5G20700","77.8882","45.3003"
"CPN10","116.74","85.417"
"AT5G20790","142.694","12.9506"
"AT5G20950","25.588","12.2907"
"AT5G21020","207.486","49.5362"
"AT5G21090","41.1604","23.6085"
"AT5G21105","18.4213","8.27331"
"CAM6","48.221","15.5216"
"AT5G21940","62.8926","16.8645"
"AT5G22090","23.5554","9.90005"
"At-A/N-InvE","3.01624","13.1997"
"AT5G22580","225.24","110.043"
"emb1211","4.47571","25.8754"
"EMB86","2.95943","8.35083"
"HCF136","136.571","75.4078"
"RUP2","8.49522","0"
"RPS11-BETA","83.5171","36.9596"
"AT5G23820","71.5838","18.189"
"AT5G23890","3.43559","9.15769"
"AT5G24490","39.262","76.9817"
"COL4","95.5727","67.7119"
"AT5G25100","25.3","13.5723"
"AT5G25280","54.177","33.4332"
"AT5G25460","136.655","107.223"
"AT5G25630","8.57751","26.5716"
"BGLU38","171.495","261.485"
"OK1","3.90283","15.7437"
"PYR6","17.9951","3.92057"
"EIF3B","3.84605","8.88595"
"AT5G27660","174.98","97.4896"
"AT5G27700","260.655","111.524"
"AT5G27770","139.618","57.0854"
"AT5G27850","245.627","64.1168"
"BIP1","15.5287","26.3606"
"GME","73.4211","51.6506"
"AT5G32566","0","6.14264"
"ATPAP26","31.0258","12.2883"
"AT5G35170","15.8346","25.8855"
"AT5G35190","61.6832","18.7219"
"AT5G35210","0.969717","4.11486"
"PAA1","16.7562","36.0523"
"ATGSL1","459.701","344.21"
"YAK1","3.99691","8.8116"
"AT5G38410","2362.63","1868.17"
"AT5G38420","897.202","666.314"
"AT5G38430","809.94","549.916"
"EMB506","0","13.335"
"SIP1","9.138","3.69462"
"U6acat","173.307","0"
"AT5G40810","43.4106","22.1383"
"AT5G40960","9.29387","0"
"ATGSTT1","6.93652","32.426"
"XPB1","1.63969","8.45887"
"SNOR108","27314","3741.08"
"AT5G41520","111.156","71.6607"
"UBC8","203.61","83.3587"
"BIP","6.82537","17.8021"
"BG_PPAP","50.5059","33.602"
"AT5G42110","166.584","50.2108"
"AT5G42390","7.4176","18.7768"
"AT5G42530","99.6711","480.433"
"AOS","52.5997","24.1354"
"AT5G42850","72.429","17.8579"
"AT5G43460","43.942","11.8904"
"KCS20","44.7858","27.258"
"AT5G44020","215.903","57.4729"
"FLA13","34.3789","15.3342"
"GLK2","59.933","34.0065"
"AT5G44568","0","20.0776"
"AT5G44580","193.783","73.8899"
"CEST","12.2221","27.0052"
"AT5G45100","0","6.08498"
"AT5G45350","46.5531","18.2727"
"AT5G45430","10.2764","23.6425"
"ATFKBP13","63.0406","23.0216"
"AT5G46020","7.82937","27.0288"
"KASI","59.3225","30.9001"
"AT5G46430","213.394","134.319"
"AT5G46730","70.3479","48.1872"
"AT5G47020","4.99214","12.0459"
"AT5G47030","88.0112","58.3261"
"LIL3:2","137.567","75.7005"
"AT5G47480","1.69023","7.50135"
"AT5G47500","4.44494","26.5499"
"ATSDAT","81.1188","42.2882"
"AT5G47700","412.263","96.941"
"FRA1","2.6054","8.18709"
"AT5G47890","215.682","37.3065"
"CYP705A5","25.9948","13.6825"
"PAT1","5.21093","14.6287"
"ADG1","35.4738","50.4567"
"AT5G48385","14.2221","23.7603"
"FKBP15-2","32.3725","14.5853"
"ATB5-B","311.55","185.643"
"HCT","34.5408","17.4591"
"AT5G49040,OVA2","1.52388","7.42837"
"AT5G49080","10.3632","3.83503"
"AT5G49170","7.41744","0"
"AT5G49440","37.3079","16.1596"
"XK2","4.9163","13.5511"
"RSW2","56.7623","35.478"
"MMT","5.46565","10.0616"
"AFB5","21.3236","10.4028"
"CLPC","57.2005","121.846"
"ERD1","6.59933","21.0923"
"AT5G51720","81.0543","150.924"
"LTI140","4.00967","19.2522"
"AT5G52530","2.10551","5.97672"
"AT5G52650","81.4072","45.5161"
"FTSH11","5.99345","14.6227"
"UBC10","190.244","90.9819"
"CLPX","5.97731","13.281"
"GLT1","12.3459","28.7501"
"CB5-E","136.198","61.1657"
"LHCB3*1","1721.38","662.986"
"CcdA","9.69346","24.5861"
"AT5G54600","145.034","87.9069"
"THI1","839.99","537.129"
"AT5G55040","1.83896","6.55324"
"RAN3","71.4568","44.9301"
"AT5G55220","3.73205","21.9565"
"AT5G55660","1.69064","11.8894"
"AT5G55670","3.84913","10.5852"
"AtHsp90.2","18.013","29.0215"
"AT5G56670","251.271","136.543"
"HA3","4.74534","12.2993"
"AT5G57655","7.91743","22.0573"
"AT5G57710","12.892","7.09135"
"AT5G57887","85.2825","20.0858"
"ATFIPS5","1.5354","5.13276"
"PHOT2","4.53439","13.1491"
"AT5G58250","79.6277","48.5825"
"ftsh9","5.63789","12.2389"
"COPT1","138.376","26.0349"
"AT5G59613","159.523","90.7045"
"AT5G59690","199.453","52.4827"
"ATMYB59","4.12418","14.0024"
"AT5G59850","177.595","59.4234"
"ADF3","71.1769","41.6381"
"ALP","63.8953","117.28"
"AT5G60390","379.345","190.552"
"GCPE","27.1675","43.6784"
"PDIL1-4","8.58238","18.5765"
"OBP4","37.5374","17.4385"
"COB","36.3313","13.08"
"AT5G61660","49.1588","19.1244"
"HSS","12.6105","31.1085"
"AT5G62350","102.781","59.6948"
"ATBAG7","15.6658","40.9885"
"ATEB1B","0","5.90602"
"AHA11","4.112","15.0911"
"TUB2","39.5371","24.1672"
"PDE129","10.2178","22.9886"
"AT5G63180","11.0387","33.0423"
"FP3","3.70357","18.7891"
"GSA1","24.3609","13.3848"
"PSAN","762.879","408.805"
"AT5G64100","29.0798","12.7445"
"EXL2","39.0894","16.9744"
"GCN5","7.06327","31.0853"
"TGA1","3.99598","14.9035"
"AT5G65220","255.682","137.733"
"GRF8","69.9926","38.4031"
"BAM1","13.6801","5.61766"
"AT5G65925","7.83137","0"
"STR16","214.605","99.1176"
"AT5G66440","12.1537","0"
"PSBO1","998.524","701.578"
"NPQ2","15.062","52.0607"
"RALFL34","92.7976","44.3731"
"ATMYB44","12.4928","3.16007"
"ARA12","55.6948","24.2662"
"AT5G67385","5.05565","20.1084"
"AT5G67490","56.1346","25.0084"
"FRO1","51.911","22.635"
"TRNH","51732.9","23283.3"
"PSBA","2892.78","1903.21"
"ATPH","1439.93","2429.19"
"PSAB","226.094","122.631"
"PSAA","242.917","199.292"
"TRNT.2","7711.06","0"
"ATPE","517.093","230.213"
"ATPB","134.07","93.4889"
"YCF10","22.1413","0"
"PSAJ","22864.8","5153.18"
"PSBN","8955.06","4384.56"
"PETB","77.3725","45.8687"
"RRN26","857.402","1765.04"
"ORF107A","4349.7","7099.75"
"ATP9","161.651","79.0853"
"RRN18","2113.54","2847.86"
"CAB1","6062.84","516.524"
"AT1G44060","0","13.8981"
"AT3G33166","0","5.80954"
"AT4G07518","0","5.61383"
"CCB206","4457.28","5428.44"
"-","8944.12","3393.63"
"-","0","74.3305"
"-","0","73.8517"
"-","834.566","311.845"
"-","0","122.021"
"-","750.499","335.036"
